fir_code,icao_prefix,country,fir_name
DBBB,DB,Benin,COTONOU TMA
DXXX,DX,Togo,LOME UTA
XX04,XX,UNKNOWN,NO FIR ONE
MNPS1,MN,UNKNOWN,NAT-HLA
MNPS2,MN,UNKNOWN,CMNPS
XX02,XX,UNKNOWN,NO FIR
OLBB,OL,UNKNOWN,BEIRUT
LQSB,LQ,UNKNOWN,SARAJEVO
UMMV,UM,Belarus/Kaliningrad,MINSK
ANAU,AN,Nauru,NAURU
DGAC,DG,Ghana,ACCRA
DNKK,DN,Nigeria,KANO
DRRR,DR,Niger,NIAMEY
DTTC,DT,Tunisia,TUNIS-FIR
EISN,EI,Ireland,SHANNON
EKDK,EK,Denmark,KOBENHAVN
EYVL,EY,Lithuania,VILNIUS
FIMM,FI,Mauritius,MAURITIUS
FMMM,FM,Madagascar/Comoros,ANTANANARIVO
FSSS,FS,Seychelles,SEYCHELLES
GLRB,GL,Liberia,ROBERTS
GMMM,GM,Morocco,CASABLANCA
GVSC,GV,Cape Verde,SAL OCEANIC
HAAA,HA,Ethiopia,ADDIS ABABA
HBBA,HB,Burundi,BUJUMBURA
HCSM,HC,Somalia,MOGADISHU
HHAA,HH,Eritrea,ASMARA
HLLL,HL,Libya,TRIPOLI FIR
KZAB,KZ,United States,ALBUQUERQUE
KZAUF,KZ,United States,CHICAGO
KZDV,KZ,United States,DENVER
KZFW,KZ,United States,FORT WORTH
KZHU,KZ,United States,HOUSTON
KZHUO,KZ,United States,HOUSTON OCEANIC
KZIDF,KZ,United States,INDIANAPOLIS
KZKC,KZ,United States,KANSAS CITY
KZMEF,KZ,United States,MEMPHIS
KZTLF,KZ,United States,ATLANTA
LFEE,LF,France,REIMS
LFRR,LF,France,BREST
LGGG,LG,Greece,ATHINAI
LIBB,LI,Italy,BRINDISI
LIRR,LI,Italy,ROMA
LJLA,LJ,Slovenia,LJUBLJANA
LLLL,LL,Israel,TEL AVIV
LMMM,LM,Malta,MALTA
LOVV,LO,Austria,WIEN
LPPC,LP,Portugal,LISBOA
LPPO,LP,Portugal,SANTA MARIA
LUUU,LU,Moldova,CHISINAU
LWSS,LW,North Macedonia,SKOPJE
LYBA,LY,Serbia/Montenegro,BEOGRAD
LZBB,LZ,Slovakia,BRATISLAVA
MDCS,MD,Dominican Republic,SANTO DOMINGO
MTEG,MT,Haiti,PORT AU PRINCE
MYNA,MY,Bahamas,NASSAU
NFFF,NF,Fiji,NADI
NTTT,NT,French Polynesia,TAHITI
OJAC,OJ,Jordan,AMMAN
OOMM,OO,Oman,MUSCAT
ORBB,OR,Iraq,BAGHDAD
OSTT,OS,Syria,DAMASCUS
OYSC,OY,Yemen,SANAA
PHZH,PH,United States (Hawaii),HONOLULU
RCAA,RC,Taiwan,TAIPEI
RKRR,RK,South Korea,INCHEON
SAEF,SA,Argentina,EZEIZA
SCEZ,SC,Chile,SANTIAGO
SCFZ,SC,Chile,ANTOFAGASTA
SCIZ,SC,Chile,VUELO ISLA DE PASCUA
SCTZ,SC,Chile,PUERTO MONTT
SGFA,SG,Paraguay,ASUNCION
SMPM,SM,Suriname,PARAMARIBO
SPIM,SP,Peru,LIMA
TJZS,TJ,US (Puerto Rico),SAN JUAN OCEANIC
TTZP,TT,Trinidad and Tobago,PIARCO
UDDD,UD,Armenia,YEREVAN
UKBV,UK,Ukraine,KYIV FIR
UKOV,UK,Ukraine,ODESA FIR
UTAK,UT,Turkmenistan/Tajikistan,TURKMENBASHI-FIR
VCCF,VC,Sri Lanka,COLOMBO
VGFR,VG,Bangladesh,DHAKA
VHHK,VH,Hong Kong,HONG KONG
VNSM,VN,Nepal,KATHMANDU
VRMF,VR,Maldives,MALE
ZKKP,ZK,North Korea,PYONGYANG
ZMUB,ZM,Mongolia,ULAANBAATAR
EGGX,EG,United Kingdom,SHANWICK
FACA,FA,South Africa,CAPE TOWN
MHCC,MH,Honduras,CENTRAL AMERICA
MKJK,MK,Jamaica,KINGSTON
MPZL,MP,Panama,PANAMA
SEFG,SE,Ecuador,GUAYAQUIL
ZBPE,ZB,China (Beijing),BEIJING
ZLHW,ZL,China (Lanzhou),LANZHOU
ZSHA,ZS,China (Shanghai),SHANGHAI
ZYSH,ZY,China (Shenyang),SHENYANG
HKNAU,HK,Kenya,NAIROBI UIR
KZAUU,KZ,United States,CHICAGO
KZDCU,KZ,United States,WASHINGTON
KZIDU,KZ,United States,INDIANAPOLIS
KZJXU,KZ,United States,JACKSONVILLE
KZMEU,KZ,United States,MEMPHIS
KZNYU,KZ,United States,NEW YORK HIGH
KZTLU,KZ,United States,ATLANTA
UWWW,UW,Russia (Volga),SAMARA
GCCCF,GC,Spain (Canary Islands),CANARIES FIR
GCCCU,GC,Spain (Canary Islands),CANARIES UIR
LECB,LE,Spain,BARCELONA
LECM,LE,Spain,MADRID
EGPX,EG,United Kingdom,SCOTTISH
EGTT,EG,United Kingdom,LONDON
UACN,UA,Kazakhstan,NUR SULTAN
FAJA,FA,South Africa,JOHANNESBURG
UIII,UI,Russia (Irkutsk),IRKUTSK
LCCC,LC,Cyprus,NICOSIA
CZUL,CZ,Canada,MONTREAL
CZWG,CZ,Canada,WINNIPEG
MMEX,MM,Mexico,MEXICO FIR
MMID,MM,Mexico,MERIDA FIR
MMTY,MM,Mexico,MONTERREY FIR
VTBB,VT,Thailand,BANGKOK
UAAA,UA,Kazakhstan,ALMATY
UNNT,UN,Russia (Central Siberia),NOVOSIBIRSK
EBBU,EB,Belgium,BRUSSELS-FIR
RPHI,RP,Philippines,MANILA
VLVT,VL,Laos,VIENTIANE
VVHM,VV,Vietnam,HO CHI MINH
VVHN,VV,Vietnam,HA NOI
VYYF,VY,Myanmar,YANGON
ZGZU,ZG,China (Guangzhou),GUANGZHOU
ZJSA,ZJ,China (Sanya),SANYA AOR
ZPKM,ZP,China (Kunming),KUNMING
MMFO,MM,Mexico,MAZATLAN OCEANIC
UEEE,UE,Russia (East Siberia),YAKUTSK
LFMM,LF,France,MARSEILLE
KZMAO,KZ,United States,MIAMI OCEANIC
MUFH,MU,Cuba,HABANA
OKAC,OK,Kuwait,KUWAIT
KZMAF,KZ,United States,MIAMI LOW
KZMAU,KZ,United States,MIAMI HIGH
KZJXF,KZ,United States,JACKSONVILLE LOW
FCCC,FC,Congo (Brazzaville),BRAZZAVILLE
FTTT,FT,Chad,N'DJAMENA
FZZA,FZ,DR Congo,KINSHASA
HKNAF,HK,Kenya,NAIROBI FIR
HSSS,HS,Sudan,KHARTOUM
HUEC,HU,Uganda,ENTEBBE
HJJJ,HJ,South Sudan,JUBA FIR
AGGG,AG,Solomon Islands,HONIARA
AYPM,AY,Papua New Guinea,PORT MORESBY
UNKL,UN,Russia (Central Siberia),KRASNOYARSK
USTV,US,Russia (Urals),TYUMEN
UUWV,UU,Russia (West/Moscow),MOSCOW
FLFI,FL,Zambia,LUSAKA
FVHF,FV,Zimbabwe,HARARE
SAVF,SA,Argentina,COMODORO RIVADAVIA
SCCZ,SC,Chile,PUNTA ARENAS
YMMM,YM,Australia (Melbourne),MELBOURNE
KZBWU,KZ,United States,BOSTON
SOOO,SO,France (French Guiana),CAYENNE
HRYR,HR,Rwanda,KIGALI
OBBBU,OB,Bahrain,BAHRAIN UIR
OTDF,OT,Qatar,DOHA FIR
OBBBF,OB,Bahrain,BAHRAIN FIR
OTDFF,OT,Qatar,DOHA FIR LOW
EFIN,EF,Finland,HELSINKI
HECC,HE,Egypt,CAIRO
PAZAA,PA,United States (Alaska),ANCHORAGE ARCTIC
YBBB,YB,Australia (Brisbane),BRISBANE
ENOB,EN,Norway,BODO OCEANIC
ESAA,ES,Sweden,SWEDEN
FAJO,FA,South Africa,JOHANNESBURG OCEANIC
FYWF,FY,Namibia,WINDHOEK
ULLL,UL,Russia (NW),SANKT-PETERBURG
WAAF,WA,Indonesia (East),UJUNG PANDANG FIR
WBFC,WB,Malaysia (Borneo),KOTA KINABALU
WIIF,WI,Indonesia (West),JAKARTA
WMFC,WM,Malaysia (Peninsula),KUALA LUMPUR
WSJC,WS,Singapore,SINGAPORE
EVRR,EV,Latvia,RIGA
UMKK,UM,Belarus/Kaliningrad,KALININGRAD
BGGL,BG,Greenland,NUUK
CZQM,CZ,Canada,MONCTON
CZQX,CZ,Canada,GANDER
CZQXO,CZ,Canada,GANDER OCEANIC
CZVR,CZ,Canada,VANCOUVER
KZAK,KZ,United States,OAKLAND OCEANIC
KZWY,KZ,United States,NEW YORK OCEANIC
PAZA,PA,United States (Alaska),ANCHORAGE
PGZU,PG,United States (Guam),GUAM CERAP
BIRD,BI,Iceland,REYKJAVIK
CZYZ,CZ,Canada,TORONTO
KZBWF,KZ,United States,BOSTON
KZDCF,KZ,United States,WASHINGTON
KZLA,KZ,United States,LOS ANGELES
KZNYF,KZ,United States,NEW YORK
KZOBF,KZ,United States,CLEVELAND
KZOBU,KZ,United States,CLEVELAND
MMFR,MM,Mexico,MEXICO
MMZT,MM,Mexico,MAZATLAN FIR
CZEG,CZ,Canada,EDMONTON
FNAN,FN,Angola,LUANDA
FQBE,FQ,Mozambique,BEIRA
FWLL,FW,Malawi,LILONGWE FIR
HTDCF,HT,Tanzania,DAR ES SALAAM FIR
HTDCU,HT,Tanzania,DAR ES SALAAM UIR
KZOA,KZ,United States,OAKLAND
KZMP,KZ,United States,MINNEAPOLIS
PAZAO,PA,United States (Alaska),ANCHORAGE OCEANIC
RJJJ,RJ,Japan,FUKUOKA
SAMF,SA,Argentina,MENDOZA
SUEO,SU,Uruguay,MONTEVIDEO
UHMMU,UH,Russia (Far East),MAGADAN-UIR
DAAA,DA,Algeria,ALGER-FIR
GOOOF,GO,Senegal,DAKAR TERRESTRE FIR
GOOOO,GO,Senegal,DAKAR OCEANIQUE
GOOOU,GO,Senegal,DAKAR TERRESTRE UIR
LDZO,LD,Croatia,ZAGREB
LFBB,LF,France,BORDEAUX
LFFFF,LF,France,PARIS
LFFFU,LF,France,FRANCE
LIMM,LI,Italy,MILANO
LKAA,LK,Czech Republic,PRAHA
LSAS,LS,Switzerland,SWITZERLAND
SKEC,SK,Colombia,BARRANQUILLA
SKED,SK,Colombia,BOGOTA
SVZM,SV,Venezuela,MAIQUETIA
SYGC,SY,Guyana,GEORGETOWN
TNCF,TN,Netherlands Antilles,CURACAO
EETT,EE,Estonia,TALLINN
ENOR,EN,Norway,POLARIS
FBGR,FB,Botswana,GABORONE
LAAA,LA,Albania,TIRANA
LBSR,LB,Bulgaria,SOFIA
LRBB,LR,Romania,BUCURESTI
LTBB,LT,Turkey,ISTANBUL
UGGG,UG,Georgia,TBILISI
UKBU,UK,Ukraine,KYIV UIR
UKDV,UK,Ukraine,DNIPRO FIR
URRV,UR,Russia (South),ROSTOV-NA-DONU
LTAA,LT,Turkey,ANKARA
UKFV,UK,Ukraine,SIMFEROPOL FIR
SBAO,SB,Brazil,ATLANTICO
SBAZ,SB,Brazil,AMAZONICA
SBBS,SB,Brazil,BRASILIA
SBCW,SB,Brazil,CURITIBA
SBRE,SB,Brazil,RECIFE
LHCC,LH,Hungary,BUDAPEST
OEJD,OE,Saudi Arabia,JEDDAH
OMAE,OM,United Arab Emirates,EMIRATES
UBBA,UB,Azerbaijan,BAKU
UHHH,UH,Russia (Far East),KHABAROVSK
USSV,US,Russia (Urals),YEKATERINBURG
UTAA,UT,Turkmenistan/Tajikistan,ASHGABAT-FIR
VDPF,VD,Cambodia,PHNOM PENH
ZHWH,ZH,China (Wuhan),WUHAN
SLLF,SL,Bolivia,LA PAZ
KZLC,KZ,United States,SALT LAKE CITY
KZSE,KZ,United States,SEATTLE
SACF,SA,Argentina,CORDOBA
SARR,SA,Argentina,RESISTENCIA
OIIX,OI,Iran,TEHRAN
OPKR,OP,Pakistan,KARACHI
OPLR,OP,Pakistan,LAHORE
NZZC,NZ,New Zealand,NEW ZEALAND
NZZO,NZ,New Zealand,AUCKLAND OCEANIC
EPWW,EP,Poland,WARSZAWA
UKLV,UK,Ukraine,L'VIV FIR
EBUR,EB,Belgium,BRUSSELS-UIR
EDGG,ED,Germany,LANGEN FIR
EDMM,ED,Germany,MUNCHEN-FIR
EDUU,ED,Germany,RHEIN-UIR
EDVV,ED,Germany,HANNOVER-UIR
EDWW,ED,Germany,BREMEN-FIR
EHAA,EH,Netherlands,AMSTERDAM
OAKX,OA,Afghanistan,KABUL
UAII,UA,Kazakhstan,SHYMKENT
UATT,UA,Kazakhstan,AKTOBE
UTAT,UT,Turkmenistan/Tajikistan,DASHOGUZ-FIR
UTAV,UT,Turkmenistan/Tajikistan,TURKMENABAT-FIR
UTDD,UT,Turkmenistan/Tajikistan,DUSHANBE
UCFM,UC,Kyrgyzstan,BISHKEK
UCFO,UC,Kyrgyzstan,OSH
ZWUQ,ZW,China (Urumqi),URUMQI
VOMF,VO,India (South),CHENNAI
UZSD,UZ,Uzbekistan,SAMARKAND
UZTR,UZ,Uzbekistan,TASHKENT
VABF,VA,India (West),MUMBAI
VECF,VE,India (East),KOLKATA
VIDF,VI,India (North),DELHI
UHMMF,UH,Russia (Far East),MAGADAN-FIR
